2025-11-11_19-44-38,0,draft.py:2025-11-11_19-44-38
2025-11-11_19-48-29,0,draft.py:2025-11-11_19-48-29
2025-11-11_19-52-13,0,draft.py:2025-11-11_19-52-13
2025-11-11_19-54-13,0,draft.py:2025-11-11_19-54-13
2025-11-11_19-54-52,---,draft.py:2025-11-11_19-54-13
2025-11-16_12-34-28,0,draft.py:2025-11-16_12-34-28
2025-11-16_12-39-02,0,draft.py:2025-11-16_12-39-02
2025-11-16_12-39-04,0,draft.py:2025-11-16_12-39-02
2025-11-16_12-40-30,0,draft.py:2025-11-16_12-40-30
2025-11-16_12-41-09,0,draft.py:2025-11-16_12-41-09
2025-11-16_12-45-25,0,draft.py:2025-11-16_12-45-25
2025-11-16_12-45-47,0,draft.py:2025-11-16_12-45-47
2025-11-16_12-45-48,0,draft.py:2025-11-16_12-45-47
2025-11-16_12-53-43,0,draft.py:2025-11-16_12-45-47
2025-11-16_13-17-02,0,draft.py:2025-11-16_13-17-02
2025-11-16_13-17-07,0,draft.py:2025-11-16_13-17-02
2025-11-16_13-17-08,0,draft.py:2025-11-16_13-17-02
2025-11-16_13-17-18,0,draft.py:2025-11-16_13-17-18
2025-11-16_13-18-59,0,draft.py:2025-11-16_13-18-59
2025-11-16_13-19-50,0,draft.py:2025-11-16_13-19-50
2025-11-16_13-20-01,0,draft.py:2025-11-16_13-20-01
2025-11-16_13-21-15,30,draft.py:2025-11-16_13-21-15
2025-11-16_13-22-48,40,draft.py:2025-11-16_13-22-48
2025-11-16_13-23-47,50,draft.py:2025-11-16_13-23-47
2025-11-16_13-24-35,50,draft.py:2025-11-16_13-24-35
2025-11-16_13-25-17,70,draft.py:2025-11-16_13-25-17
2025-11-16_13-25-35,90,draft.py:2025-11-16_13-25-35
2025-11-16_13-26-13,90,draft.py:2025-11-16_13-26-13
2025-11-16_13-26-30,100,draft.py:2025-11-16_13-26-30
2025-11-16_13-26-36,100,draft.py:2025-11-16_13-26-30
2025-11-16_13-27-32,100,draft.py:2025-11-16_13-26-30
2025-11-17_22-30-40,100,draft.py:2025-11-16_13-26-30
2025-11-18_23-21-22,100,draft.py:2025-11-16_13-26-30
2025-11-19_01-51-55,100,draft.py:2025-11-16_13-26-30
2025-11-19_01-54-21,100,draft.py:2025-11-19_01-54-21
